#start,Walk in the woods,,,,
11/10/2018,23:42:28,69,30.2553368,-97.83891084,239.5
11/10/2018,23:43:05,87,30.25499189,-97.83913958,239
11/10/2018,23:43:15,132,30.25469617,-97.83931962,239
11/10/2018,23:43:34,156,30.2541537,-97.83977501,239.5
11/10/2018,23:43:46,154,30.2539506,-97.84007056,239.5
11/10/2018,23:43:58,151,30.25408605,-97.84042344,239.5
11/10/2018,23:44:12,146,30.25409687,-97.84091218,239.5
11/10/2018,23:44:39,139,30.25441437,-97.84136062,241.9
11/10/2018,23:45:12,141,30.25468058,-97.84190049,242.9
11/10/2018,23:45:40,149,30.25502592,-97.84257658,244.3
11/10/2018,23:46:04,154,30.2553161,-97.84285637,246.2
11/10/2018,23:46:40,149,30.25562732,-97.84329977,247.2
11/10/2018,23:46:54,146,30.25576579,-97.84372373,247.7
11/10/2018,23:47:26,142,30.25602437,-97.8443688,248.6
11/10/2018,23:49:37,138,30.25639485,-97.84426947,248.6
11/10/2018,23:50:15,139,30.25674991,-97.84409865,250.1
11/10/2018,23:51:59,139,30.25742633,-97.84399136,254.4
11/10/2018,23:52:46,139,30.25795967,-97.84403738,256.3
11/10/2018,23:53:16,135,30.25832386,-97.8438917,257.3
11/10/2018,23:53:46,132,30.2585459,-97.84358526,257.8
11/10/2018,23:54:58,128,30.25880817,-97.84333305,256.3
11/10/2018,23:56:02,129,30.25924009,-97.84268571,251
11/10/2018,23:56:16,129,30.25931754,-97.84224994,246.7
11/10/2018,23:56:32,140,30.25918963,-97.84162297,246.2
11/10/2018,23:56:46,140,30.25890347,-97.84110086,244.3
11/10/2018,23:56:59,140,30.2585977,-97.84063709,244.3
11/10/2018,23:57:07,140,30.25832353,-97.84042838,240.9
11/10/2018,23:57:29,142,30.25751132,-97.8403568,243.8
11/10/2018,23:57:58,141,30.2571685,-97.84041681,245.3
11/10/2018,23:58:16,146,30.25644263,-97.84040466,242.4
11/10/2018,23:58:26,146,30.25598464,-97.84015069,240.5
11/10/2018,23:58:38,148,30.25558147,-97.83964467,236.6
11/10/2018,23:58:54,153,30.25533295,-97.83904905,236.1
#start,Run around the block,,,,
15/09/2018,22:00:42,157,30.245576,-97.823843,220.3
15/09/2018,22:02:24,156,30.246356,-97.823326,220.3
15/09/2018,22:03:28,153,30.246539,-97.821931,209.7
15/09/2018,22:04:15,149,30.247105,-97.821064,207.8
15/09/2018,22:06:45,147,30.247719,-97.820641,205.4
15/09/2018,22:08:42,143,30.248482,-97.820708,207.3
15/09/2018,22:09:41,143,30.24915,-97.820722,206.8
#start,Run in the woods,,,,
12/10/2018,23:04:11,89,30.274002,-97.844719,174.6
12/10/2018,23:05:09,107,30.27426,-97.844316,174.6
12/10/2018,23:05:51,120,30.273787,-97.843643,175.1
12/10/2018,23:06:07,119,30.273475,-97.843277,175.6
12/10/2018,23:06:47,121,30.273733,-97.843605,173.7
12/10/2018,23:07:15,133,30.273675,-97.842975,175.1
12/10/2018,23:08:02,134,30.274052,-97.842084,173.2
12/10/2018,23:09:38,139,30.274537,-97.841653,177
12/10/2018,23:14:50,140,30.274531,-97.841082,172.2
12/10/2018,23:17:58,140,30.274641,-97.840294,174.6
12/10/2018,23:18:16,142,30.274902,-97.839951,175.1
12/10/2018,23:18:43,141,30.275228,-97.839577,174.6
12/10/2018,23:19:25,141,30.275136,-97.839043,174.1
12/10/2018,23:19:58,145,30.275244,-97.838438,174.6
12/10/2018,23:20:36,148,30.275119,-97.837629,175.1
12/10/2018,23:21:15,143,30.274984,-97.837104,174.6
12/10/2018,23:21:55,142,30.274645,-97.837325,176.5
12/10/2018,23:22:31,139,30.274216,-97.836954,178.5
12/10/2018,23:22:49,136,30.274067,-97.836412,178
12/10/2018,23:23:06,142,30.273898,-97.835959,178.5
12/10/2018,23:23:21,148,30.273798,-97.835353,177
12/10/2018,23:23:41,151,30.273329,-97.835439,178.9
12/10/2018,23:24:08,152,30.272751,-97.834934,178
12/10/2018,23:24:20,154,30.272527,-97.834623,178
12/10/2018,23:24:32,150,30.272308,-97.834251,178.9
12/10/2018,23:24:47,149,30.271898,-97.833803,178.9
12/10/2018,23:25:00,146,30.271617,-97.833398,176.5
12/10/2018,23:25:12,150,30.271405,-97.833018,177
12/10/2018,23:25:31,155,30.271261,-97.832363,175.6
12/10/2018,23:31:46,154,30.270754,-97.831695,172.7
12/10/2018,23:32:12,137,30.270315,-97.831443,173.7
12/10/2018,23:34:12,146,30.269917,-97.830832,171.3
12/10/2018,23:35:00,153,30.270063,-97.831207,174.1
#start,Longer run,,,,
30/09/2018,22:04:38,87,30.255525,-97.838675,235.7
30/09/2018,22:04:51,141,30.255945,-97.838526,235.2
30/09/2018,22:05:00,152,30.256315,-97.83832,235.2
30/09/2018,22:05:02,142,30.256409,-97.838319,235.7
30/09/2018,22:05:07,134,30.256622,-97.838232,234.7
30/09/2018,22:05:10,127,30.256738,-97.838154,234.7
30/09/2018,22:05:15,125,30.256902,-97.838081,234.7
30/09/2018,22:05:26,125,30.257215,-97.837766,234.7
30/09/2018,22:05:27,124,30.257247,-97.837733,235.7
30/09/2018,22:05:30,124,30.257328,-97.83762,233.7
30/09/2018,22:05:34,132,30.257429,-97.837456,234.2
30/09/2018,22:05:36,149,30.257458,-97.837392,235.2
30/09/2018,22:05:49,154,30.257746,-97.836929,232.3
30/09/2018,22:05:53,159,30.257825,-97.836747,232.3
30/09/2018,22:06:14,162,30.258333,-97.835764,229.4
30/09/2018,22:06:31,163,30.258703,-97.834978,228
30/09/2018,22:06:35,163,30.258793,-97.834811,228.9
30/09/2018,22:06:38,165,30.258844,-97.834667,227.5
30/09/2018,22:07:03,166,30.259259,-97.83373,226.5
30/09/2018,22:07:10,166,30.25942,-97.833469,225.6
30/09/2018,22:07:57,167,30.260166,-97.831783,224.6
30/09/2018,22:08:13,166,30.260453,-97.831248,222.7
30/09/2018,22:08:25,161,30.260682,-97.830805,222.2
30/09/2018,22:08:45,153,30.261003,-97.830117,220.3
30/09/2018,22:08:56,149,30.261224,-97.829809,219.8
30/09/2018,22:09:00,144,30.261291,-97.829639,219.8
30/09/2018,22:09:09,142,30.261488,-97.829233,218.4
30/09/2018,22:09:15,138,30.261697,-97.829048,217.4
30/09/2018,22:09:21,135,30.261886,-97.828882,217.4
30/09/2018,22:09:26,137,30.261894,-97.828636,216.4
30/09/2018,22:09:32,136,30.262,-97.828447,216.4
30/09/2018,22:09:36,138,30.262018,-97.828328,216
30/09/2018,22:09:46,134,30.262177,-97.827868,216
30/09/2018,22:09:50,131,30.262281,-97.827701,216
30/09/2018,22:09:55,132,30.262392,-97.82743,215
30/09/2018,22:10:15,131,30.262781,-97.826483,215.5
30/09/2018,22:10:28,132,30.262962,-97.826045,215
30/09/2018,22:10:40,132,30.263098,-97.825815,215
30/09/2018,22:10:57,142,30.263104,-97.825801,215
30/09/2018,22:12:19,142,30.26317,-97.825688,214.5
30/09/2018,22:12:32,138,30.263299,-97.825401,211.6
30/09/2018,22:12:42,134,30.26342,-97.82513,208.3
30/09/2018,22:12:51,130,30.263528,-97.824907,203.9
30/09/2018,22:12:55,129,30.263558,-97.824835,202
30/09/2018,22:13:00,132,30.263603,-97.824746,199.6
30/09/2018,22:13:04,131,30.263659,-97.824661,197.7
30/09/2018,22:13:12,134,30.263752,-97.824484,194.8
30/09/2018,22:13:18,133,30.263827,-97.82434,191.9
30/09/2018,22:13:23,138,30.26388,-97.824223,188.6
30/09/2018,22:13:24,150,30.263891,-97.824197,188.6
30/09/2018,22:13:38,151,30.263962,-97.82402,187.1
30/09/2018,22:13:43,153,30.263998,-97.82394,184.7
30/09/2018,22:13:59,152,30.264051,-97.823829,183.7
30/09/2018,22:14:08,144,30.264076,-97.823736,180.4
30/09/2018,22:14:15,136,30.264058,-97.823691,179.4
30/09/2018,22:14:29,132,30.26406,-97.82359,177
30/09/2018,22:14:46,131,30.264086,-97.823491,177
30/09/2018,22:15:31,130,30.264076,-97.823447,176.5
30/09/2018,22:16:53,132,30.26404,-97.823454,176.1
30/09/2018,22:17:12,127,30.264011,-97.823459,175.6
30/09/2018,22:17:16,151,30.263959,-97.823453,175.6
30/09/2018,22:17:23,139,30.263818,-97.823416,175.1
30/09/2018,22:17:35,145,30.263478,-97.823408,174.6
30/09/2018,22:17:51,141,30.263005,-97.82344,174.6
30/09/2018,22:18:05,134,30.262878,-97.823444,174.1
30/09/2018,22:18:29,134,30.262808,-97.823456,174.1
30/09/2018,22:18:41,132,30.262766,-97.823507,174.6
30/09/2018,22:18:57,132,30.26263,-97.823561,175.6
30/09/2018,22:19:08,132,30.262507,-97.823595,174.6
30/09/2018,22:19:12,131,30.262463,-97.823628,174.6
30/09/2018,22:19:14,136,30.26244,-97.82363,174.1
30/09/2018,22:19:35,136,30.262204,-97.823668,175.1
30/09/2018,22:19:52,135,30.262032,-97.823659,172.7
30/09/2018,22:20:09,133,30.261849,-97.823706,172.7
30/09/2018,22:20:18,130,30.261741,-97.823681,173.7
30/09/2018,22:20:26,129,30.261692,-97.823725,173.7
30/09/2018,22:20:43,132,30.261632,-97.82366,173.7
30/09/2018,22:20:54,129,30.261614,-97.82368,173.7
30/09/2018,22:21:06,130,30.261587,-97.82372,173.7
30/09/2018,22:21:10,127,30.261616,-97.823672,173.2
30/09/2018,22:21:22,130,30.261685,-97.823745,174.6
30/09/2018,22:21:38,132,30.261672,-97.823824,176.1
30/09/2018,22:21:52,143,30.261624,-97.823811,175.6
30/09/2018,22:22:18,143,30.261528,-97.823754,175.1
30/09/2018,22:22:43,141,30.261422,-97.823685,173.7
30/09/2018,22:22:59,138,30.261329,-97.823683,173.7
30/09/2018,22:23:18,135,30.26119,-97.823741,174.6
30/09/2018,22:23:36,136,30.261132,-97.823794,174.1
30/09/2018,22:24:02,140,30.261051,-97.823781,174.1
30/09/2018,22:24:13,136,30.260979,-97.823771,174.6
30/09/2018,22:24:30,135,30.260858,-97.823785,176.1
30/09/2018,22:24:43,138,30.260778,-97.823797,176.1
30/09/2018,22:25:00,137,30.260677,-97.823798,176.5
30/09/2018,22:25:17,142,30.260657,-97.823796,177
30/09/2018,22:25:29,147,30.260587,-97.823788,177
30/09/2018,22:25:46,150,30.26057,-97.823835,179.4
30/09/2018,22:26:08,148,30.260559,-97.823851,178
30/09/2018,22:26:55,147,30.260558,-97.823891,178.9
30/09/2018,22:27:09,147,30.260527,-97.823799,177
30/09/2018,22:27:11,145,30.260515,-97.823802,178
30/09/2018,22:27:26,139,30.260493,-97.823819,178.5
30/09/2018,22:27:42,140,30.260449,-97.823831,178.5
30/09/2018,22:27:59,148,30.260406,-97.823842,178.5
30/09/2018,22:28:14,149,30.260344,-97.823821,178
30/09/2018,22:28:32,146,30.260299,-97.823819,177.5
30/09/2018,22:30:02,145,30.260212,-97.823815,177.5
30/09/2018,22:30:17,137,30.260155,-97.823791,177.5
30/09/2018,22:30:36,132,30.260054,-97.823767,177.5
30/09/2018,22:31:04,133,30.260107,-97.823776,176.5
30/09/2018,22:31:19,134,30.260161,-97.823779,177.5
30/09/2018,22:31:47,130,30.260212,-97.823805,178.5
30/09/2018,22:31:59,129,30.260205,-97.823815,182.8
30/09/2018,22:32:00,129,30.260204,-97.823816,178.9
30/09/2018,22:33:42,128,30.260172,-97.82389,179.4
30/09/2018,22:33:49,127,30.260186,-97.823879,180.4
30/09/2018,22:34:02,128,30.260166,-97.823873,181.8
30/09/2018,22:34:18,128,30.260204,-97.823883,182.3
30/09/2018,22:35:04,129,30.260187,-97.823954,183.3
30/09/2018,22:35:19,127,30.260208,-97.823957,183.3
30/09/2018,22:35:48,129,30.260233,-97.823942,184.2
30/09/2018,22:36:15,127,30.260231,-97.823945,186.6
30/09/2018,22:36:40,126,30.260223,-97.823958,185.2
30/09/2018,22:37:06,127,30.260201,-97.823925,186.6
30/09/2018,22:37:35,127,30.260154,-97.823905,186.2
30/09/2018,22:37:57,127,30.260134,-97.823895,185.2
30/09/2018,22:39:01,123,30.260144,-97.823941,185.7
30/09/2018,22:39:45,124,30.260131,-97.823902,187.1
30/09/2018,22:40:00,128,30.260145,-97.823945,188.6
30/09/2018,22:40:28,129,30.260175,-97.823971,188.1
30/09/2018,22:41:37,128,30.260181,-97.823989,191
30/09/2018,22:43:20,126,30.260234,-97.823977,191.4
30/09/2018,22:43:38,126,30.260299,-97.823976,190
30/09/2018,22:43:51,133,30.260334,-97.824003,191.4
30/09/2018,22:44:11,146,30.260356,-97.823999,191.4
30/09/2018,22:44:47,149,30.26039,-97.82401,191.9
30/09/2018,22:48:01,153,30.260402,-97.824066,191.9
30/09/2018,22:48:13,156,30.260361,-97.824036,191
30/09/2018,22:48:28,158,30.260313,-97.824014,190
30/09/2018,22:48:45,158,30.260274,-97.823994,190.5
30/09/2018,22:49:03,155,30.260255,-97.824004,191
30/09/2018,22:49:32,158,30.26023,-97.823985,191.4
30/09/2018,22:50:10,158,30.260201,-97.824071,191.9
30/09/2018,22:50:26,158,30.260187,-97.824047,192.4
30/09/2018,22:50:48,160,30.260169,-97.824049,193.8
30/09/2018,22:51:09,161,30.260171,-97.824075,193.8
30/09/2018,22:53:05,161,30.260075,-97.824122,194.8
30/09/2018,22:53:48,162,30.260162,-97.824098,196.7
30/09/2018,22:54:01,163,30.260145,-97.824118,199.1
30/09/2018,22:54:36,163,30.26014,-97.824126,199.6
30/09/2018,22:55:17,164,30.260118,-97.824126,199.6
30/09/2018,22:55:36,164,30.260103,-97.824145,200.1
30/09/2018,22:56:05,164,30.260105,-97.82415,201.1
30/09/2018,22:56:08,166,30.260103,-97.824172,202.5
30/09/2018,22:56:11,163,30.260099,-97.8242,204.4
30/09/2018,22:56:24,160,30.260098,-97.824248,206.3
30/09/2018,22:56:47,162,30.260101,-97.824247,206.3
30/09/2018,22:57:55,163,30.260126,-97.824259,205.9
30/09/2018,22:59:49,161,30.260124,-97.82425,203
30/09/2018,22:59:50,161,30.260124,-97.82425,208.3
30/09/2018,22:59:51,165,30.260124,-97.82425,206.3
30/09/2018,22:59:52,163,30.260124,-97.82425,203.5
30/09/2018,22:59:53,161,30.260124,-97.82425,209.7
30/09/2018,22:59:54,163,30.260124,-97.82425,205.4
30/09/2018,23:00:02,159,30.260101,-97.824251,209.2
30/09/2018,23:00:04,155,30.260094,-97.824247,204.9
30/09/2018,23:00:05,155,30.260092,-97.824243,209.2
30/09/2018,23:00:06,160,30.260092,-97.824243,205.9
30/09/2018,23:00:34,162,30.260072,-97.824246,205.9
30/09/2018,23:01:08,163,30.26007,-97.824245,206.8
30/09/2018,23:01:19,163,30.260075,-97.824247,206.3
30/09/2018,23:02:07,161,30.260077,-97.824252,207.3
30/09/2018,23:02:18,161,30.260015,-97.824237,206.8
30/09/2018,23:02:26,164,30.259941,-97.824212,204.4
30/09/2018,23:02:57,166,30.259932,-97.82421,204.4
30/09/2018,23:03:27,167,30.25991,-97.824263,205.9
30/09/2018,23:03:45,167,30.259935,-97.824341,207.3
30/09/2018,23:03:56,165,30.259944,-97.824384,206.8
30/09/2018,23:04:14,165,30.259986,-97.824602,207.8
30/09/2018,23:04:22,166,30.259976,-97.824639,207.8
30/09/2018,23:04:40,164,30.259841,-97.82499,204.4
30/09/2018,23:04:54,163,30.259733,-97.825296,204.4
30/09/2018,23:05:11,165,30.259698,-97.825621,206.3
30/09/2018,23:05:27,164,30.259849,-97.82577,208.7
30/09/2018,23:05:53,162,30.259929,-97.825867,209.2
30/09/2018,23:05:56,155,30.259947,-97.825892,209.2
30/09/2018,23:06:05,155,30.259975,-97.826001,209.7
30/09/2018,23:06:19,160,30.259952,-97.82611,209.2
30/09/2018,23:06:36,161,30.259942,-97.826383,208.7
30/09/2018,23:06:55,165,30.259961,-97.826497,208.3
30/09/2018,23:07:13,168,30.260056,-97.8266,207.8
30/09/2018,23:07:31,168,30.260167,-97.826688,207.8
30/09/2018,23:07:58,170,30.260193,-97.826698,208.3
30/09/2018,23:08:57,170,30.260241,-97.826803,206.3
30/09/2018,23:08:58,171,30.260248,-97.826809,206.8
30/09/2018,23:09:14,170,30.260321,-97.826938,204.4
30/09/2018,23:09:35,170,30.260298,-97.8271,206.3
30/09/2018,23:09:55,171,30.260317,-97.827157,206.8
30/09/2018,23:10:17,164,30.260384,-97.827376,210.7
30/09/2018,23:10:29,165,30.260435,-97.827472,211.6
30/09/2018,23:10:47,166,30.260415,-97.827658,211.1
30/09/2018,23:11:06,166,30.260411,-97.827692,210.2
30/09/2018,23:11:20,163,30.260391,-97.82779,207.3
30/09/2018,23:11:35,165,30.260336,-97.827799,208.3
30/09/2018,23:11:49,164,30.260306,-97.827756,207.8
30/09/2018,23:12:09,167,30.260282,-97.827739,207.8
30/09/2018,23:12:10,168,30.260277,-97.827729,207.8
30/09/2018,23:12:28,168,30.260177,-97.827582,209.2
30/09/2018,23:12:49,168,30.260056,-97.827467,210.7
30/09/2018,23:13:05,170,30.259942,-97.827318,210.2
30/09/2018,23:13:21,168,30.259679,-97.827196,209.7
30/09/2018,23:13:37,169,30.259591,-97.827198,210.2
30/09/2018,23:13:52,170,30.259351,-97.827322,211.1
30/09/2018,23:14:05,171,30.259274,-97.827353,211.1
30/09/2018,23:14:52,170,30.259176,-97.827358,212.1
30/09/2018,23:15:18,161,30.259103,-97.827433,212.1
30/09/2018,23:15:56,162,30.25908,-97.827467,212.1
30/09/2018,23:16:04,163,30.259094,-97.827426,211.6
30/09/2018,23:16:18,163,30.259158,-97.8273,210.2
30/09/2018,23:16:23,167,30.259126,-97.827291,209.7
30/09/2018,23:16:42,165,30.259004,-97.827377,209.2
30/09/2018,23:16:46,165,30.258987,-97.827402,209.2
30/09/2018,23:17:03,164,30.258925,-97.827535,210.2
30/09/2018,23:17:13,168,30.258884,-97.827622,209.2
30/09/2018,23:17:34,169,30.25889,-97.827878,211.1
30/09/2018,23:17:43,168,30.258859,-97.827973,209.7
30/09/2018,23:17:47,161,30.258854,-97.82802,210.2
30/09/2018,23:18:04,165,30.2589,-97.828115,213.1
30/09/2018,23:18:22,166,30.258939,-97.828216,214
30/09/2018,23:18:26,165,30.258928,-97.828246,213.1
30/09/2018,23:18:31,165,30.258886,-97.828316,212.1
30/09/2018,23:18:36,164,30.258828,-97.828381,211.1
30/09/2018,23:18:50,163,30.258783,-97.828456,210.2
30/09/2018,23:18:53,161,30.258775,-97.828485,209.7
30/09/2018,23:19:13,159,30.258741,-97.828625,208.7
30/09/2018,23:19:32,164,30.258632,-97.828524,209.2
30/09/2018,23:19:47,154,30.258571,-97.828435,210.2
30/09/2018,23:20:21,151,30.258561,-97.828429,209.7
30/09/2018,23:21:33,159,30.25854,-97.828402,209.7
30/09/2018,23:23:32,163,30.258534,-97.828323,211.1
30/09/2018,23:23:38,164,30.258526,-97.828284,211.1
30/09/2018,23:23:56,160,30.258562,-97.828084,211.1
30/09/2018,23:24:05,161,30.258594,-97.828032,209.2
30/09/2018,23:24:10,157,30.258624,-97.827947,209.2
30/09/2018,23:24:19,152,30.258657,-97.827826,207.3
30/09/2018,23:24:38,148,30.258663,-97.82764,207.8
30/09/2018,23:25:01,146,30.258657,-97.827442,208.3
30/09/2018,23:25:17,144,30.258655,-97.82733,208.7
30/09/2018,23:25:34,141,30.258667,-97.827161,209.7
30/09/2018,23:25:52,139,30.258688,-97.827076,210.7
30/09/2018,23:26:03,138,30.25877,-97.827003,209.2
30/09/2018,23:26:24,142,30.258886,-97.826887,209.2
30/09/2018,23:26:41,143,30.258795,-97.826851,210.2
30/09/2018,23:26:55,143,30.258724,-97.826848,210.7
30/09/2018,23:27:06,142,30.258629,-97.826809,212.1
30/09/2018,23:27:11,141,30.258581,-97.826775,211.6
30/09/2018,23:27:33,141,30.258396,-97.82667,212.1
30/09/2018,23:27:36,137,30.258379,-97.826675,212.1
30/09/2018,23:27:45,139,30.258267,-97.826788,213.1
30/09/2018,23:28:01,137,30.258121,-97.827094,213.1
30/09/2018,23:28:03,140,30.258091,-97.827137,213.6
30/09/2018,23:28:08,141,30.257991,-97.827224,213.6
30/09/2018,23:28:24,141,30.25783,-97.827431,214
30/09/2018,23:28:35,140,30.257807,-97.827541,214.5
30/09/2018,23:28:44,140,30.257798,-97.827686,214.5
30/09/2018,23:28:50,136,30.257833,-97.827781,214
30/09/2018,23:29:07,136,30.257613,-97.828014,213.6
30/09/2018,23:29:35,137,30.257551,-97.828184,214
30/09/2018,23:29:55,137,30.257446,-97.828339,213.1
30/09/2018,23:30:14,138,30.25741,-97.828419,213.6
30/09/2018,23:30:34,140,30.257331,-97.828507,213.1
30/09/2018,23:30:53,139,30.257251,-97.828644,213.6
30/09/2018,23:30:55,138,30.25724,-97.828626,214
30/09/2018,23:30:58,139,30.257231,-97.828593,212.1
30/09/2018,23:31:14,139,30.257251,-97.828545,211.6
30/09/2018,23:31:33,142,30.25722,-97.828358,212.6
30/09/2018,23:31:52,140,30.257163,-97.828272,213.6
30/09/2018,23:36:27,138,30.257166,-97.828302,213.6
30/09/2018,23:36:43,140,30.257079,-97.828591,214
30/09/2018,23:36:51,137,30.257033,-97.828705,214.5
30/09/2018,23:37:02,134,30.256993,-97.828849,216
30/09/2018,23:37:07,137,30.256961,-97.828929,215.5
30/09/2018,23:37:23,138,30.256902,-97.829305,216
30/09/2018,23:37:37,141,30.256889,-97.82933,216.4
30/09/2018,23:37:47,137,30.256884,-97.829346,216.9
30/09/2018,23:37:53,133,30.256798,-97.829403,217.4
30/09/2018,23:37:56,134,30.2568,-97.829449,216.9
30/09/2018,23:37:59,137,30.256817,-97.829494,216.4
30/09/2018,23:38:07,135,30.256857,-97.829529,216.9
30/09/2018,23:38:11,135,30.256858,-97.829574,217.4
30/09/2018,23:38:18,135,30.256882,-97.829712,217.9
30/09/2018,23:38:30,136,30.256954,-97.829841,218.8
30/09/2018,23:39:00,140,30.256964,-97.829895,218.8
30/09/2018,23:40:04,140,30.256962,-97.829949,218.4
30/09/2018,23:40:13,136,30.257047,-97.829988,218.4
#start,Walk with dog,,,,
24/08/2018,05:02:06,139,30.24671912,-97.82298329,169.3
24/08/2018,05:02:07,145,30.24671912,-97.82298329,222.2
24/08/2018,05:02:08,149,30.24671912,-97.82298329,222.2
24/08/2018,05:02:29,147,30.24671912,-97.82298329,222.7
24/08/2018,05:02:29,147,30.24671912,-97.82298331,222.7
24/08/2018,05:02:29,147,30.24671912,-97.82299331,222.7
#start,Hike in the mountains,,,,
01/09/2018,13:46:10,137,30.25024269,-97.81364699,151.9
01/09/2018,13:46:22,136,30.25023918,-97.81364786,152
01/09/2018,13:46:29,137,30.25023851,-97.81365935,152
01/09/2018,13:46:46,138,30.25025192,-97.8137466,154.4
01/09/2018,13:47:05,135,30.25032518,-97.81410627,157.3
01/09/2018,13:47:10,137,30.25065224,-97.81444767,158.8
01/09/2018,13:47:26,135,30.25068149,-97.81454942,158.8
01/09/2018,13:48:05,135,30.25069205,-97.81458111,159.2
01/09/2018,13:48:26,138,30.25065895,-97.81478135,161.6
01/09/2018,13:48:44,137,30.25048108,-97.81524344,164
01/09/2018,13:49:02,136,30.25032878,-97.81558115,167.9
01/09/2018,13:50:02,133,30.2501479,-97.81566975,168.8
01/09/2018,13:50:35,131,30.25013307,-97.81566924,168.4
01/09/2018,13:50:57,132,30.25008747,-97.81566782,168.8
01/09/2018,13:51:12,133,30.24989435,-97.81573236,171.7
01/09/2018,13:51:29,138,30.24979268,-97.81571275,173.7
01/09/2018,13:51:44,137,30.24968614,-97.81572524,175.6
01/09/2018,13:51:48,134,30.24958296,-97.81572532,178.5
01/09/2018,13:52:06,135,30.24955237,-97.81571786,178.9
01/09/2018,13:52:21,135,30.24941138,-97.81570554,180.4
01/09/2018,13:52:42,135,30.24933796,-97.81582112,180.9
01/09/2018,13:52:58,138,30.2492357,-97.81602355,181.8
01/09/2018,13:53:21,139,30.2491616,-97.81617593,183.3
01/09/2018,13:53:27,142,30.24900545,-97.81639135,185.2
01/09/2018,13:53:40,140,30.24896966,-97.81645421,185.2
01/09/2018,13:53:56,142,30.24886564,-97.81652965,186.6
01/09/2018,13:54:18,137,30.24884963,-97.81658011,187.1
01/09/2018,13:54:37,137,30.24876656,-97.81673525,189
01/09/2018,13:54:53,137,30.24866883,-97.81688403,190.5
01/09/2018,13:55:10,138,30.2485162,-97.8172121,190.5
01/09/2018,13:55:28,141,30.24840212,-97.81757956,192.4
01/09/2018,13:55:46,136,30.24839323,-97.81792616,195.3
01/09/2018,13:55:46,136,30.24814907,-97.81818348,197.2
,,,,,
,,,,,
,,,,,
,,,,,
,,,,,
,,,,,
,,,,,
,,,,,
#start,Running in the mountains,,,,
26/09/2018,22:11:18,141,30.249804,-97.82053,199.6
26/09/2018,22:22:10,141,30.2487,-97.820208,208.3
26/09/2018,22:30:38,138,30.248519,-97.819302,221.2
26/09/2018,22:31:11,139,30.248078,-97.818726,222.7
26/09/2018,22:33:40,138,30.247373,-97.817461,218.8
26/09/2018,22:34:17,141,30.246768,-97.817091,220.3
26/09/2018,22:34:48,141,30.246259,-97.817606,218.8
26/09/2018,22:36:48,135,30.246036,-97.818323,219.3
#start,Walk in the city,,,,
03/10/2018,12:38:16,134,30.251293,-97.81834,180.9
03/10/2018,12:48:09,137,30.2521,-97.81479,168.8
03/10/2018,13:00:49,138,30.248461,-97.813208,162.6
03/10/2018,13:10:21,139,30.245892,-97.812041,160.7
03/10/2018,13:12:55,137,30.243167,-97.811179,160.7
03/10/2018,13:21:09,135,30.240497,-97.811548,160.7
03/10/2018,13:28:20,134,30.238088,-97.811463,169.8
03/10/2018,13:47:05,133,30.23684,-97.813708,178.9
#start,Hiking with friends,,,,
10/09/2018,13:33:41,136,30.255588,-97.838679,228.9
10/09/2018,13:33:56,136,30.25601,-97.83843,228.9
10/09/2018,13:34:07,137,30.256348,-97.838314,228.9
10/09/2018,13:34:18,137,30.25662,-97.838207,228.9
10/09/2018,13:34:28,133,30.25683,-97.838044,228.9
10/09/2018,13:34:33,132,30.256924,-97.838002,228.4
10/09/2018,13:34:37,134,30.256975,-97.83791,228.9
10/09/2018,13:34:47,141,30.257166,-97.837743,228.4
10/09/2018,13:34:56,148,30.257361,-97.837478,228.4
10/09/2018,13:34:58,153,30.257383,-97.837419,228.4
10/09/2018,13:35:04,157,30.257501,-97.837537,228
10/09/2018,13:35:06,158,30.257566,-97.837617,228
10/09/2018,13:35:21,155,30.257885,-97.838121,229.9
10/09/2018,13:35:35,151,30.258066,-97.838447,230.9
10/09/2018,13:35:51,151,30.258273,-97.838738,231.8
10/09/2018,13:36:20,154,30.258305,-97.838785,231.8
10/09/2018,13:36:25,155,30.258299,-97.838858,232.3
10/09/2018,13:36:28,153,30.258323,-97.838921,232.8
10/09/2018,13:36:47,155,30.258579,-97.839335,234.7
10/09/2018,13:37:02,154,30.258748,-97.839689,235.2
10/09/2018,13:37:12,159,30.258903,-97.839968,237.1
10/09/2018,13:37:23,156,30.258905,-97.839997,236.6
10/09/2018,13:37:40,155,30.258942,-97.83998,237.1
10/09/2018,13:37:48,153,30.258956,-97.83987,234.7
10/09/2018,13:38:04,152,30.258946,-97.839595,234.2
10/09/2018,13:38:18,149,30.258877,-97.839417,233.3
10/09/2018,13:38:39,147,30.258863,-97.839446,234.2
10/09/2018,13:38:42,155,30.258843,-97.839453,233.7
10/09/2018,13:39:01,153,30.258722,-97.839359,234.2
10/09/2018,13:39:04,155,30.258706,-97.839326,233.7
10/09/2018,13:39:20,152,30.258607,-97.839033,233.3
10/09/2018,13:39:25,145,30.258589,-97.838964,232.8
10/09/2018,13:39:32,140,30.258692,-97.838902,232.3
10/09/2018,13:39:37,142,30.258767,-97.838932,230.9
10/09/2018,13:39:41,139,30.258816,-97.838999,228.4
10/09/2018,13:39:50,137,30.259101,-97.839058,225.6
10/09/2018,13:40:04,142,30.259548,-97.839101,228.9
10/09/2018,13:40:13,151,30.259786,-97.839125,231.8
10/09/2018,13:40:26,155,30.260123,-97.839165,235.2
10/09/2018,13:40:39,155,30.260344,-97.83911,236.6
10/09/2018,13:40:55,154,30.260568,-97.83903,236.6
10/09/2018,13:42:00,152,30.260636,-97.83902,236.6
10/09/2018,13:43:26,147,30.260656,-97.839009,237.1
10/09/2018,13:45:49,144,30.260669,-97.839016,237.1
10/09/2018,13:46:05,144,30.260675,-97.838967,237.6
10/09/2018,13:46:09,138,30.260664,-97.838919,236.6
10/09/2018,13:46:22,134,30.260423,-97.838799,235.7
10/09/2018,13:46:30,132,30.260437,-97.838692,234.2
10/09/2018,13:46:40,133,30.26061,-97.83862,235.2
10/09/2018,13:46:42,133,30.260647,-97.838601,235.7
10/09/2018,13:46:55,134,30.260845,-97.838479,236.1
10/09/2018,13:47:09,132,30.261069,-97.838414,235.7
10/09/2018,13:47:18,146,30.260997,-97.83828,234.2
10/09/2018,13:47:26,155,30.260923,-97.838164,233.3
10/09/2018,13:47:34,155,30.261049,-97.837994,232.3
10/09/2018,13:47:37,153,30.261144,-97.837947,231.8
10/09/2018,13:47:41,155,30.261244,-97.837872,232.8
10/09/2018,13:47:46,152,30.261316,-97.837775,232.8
10/09/2018,13:48:01,145,30.261598,-97.8377,232.3
10/09/2018,13:48:16,140,30.261876,-97.837679,232.8
10/09/2018,13:48:44,142,30.261898,-97.837657,232.3
10/09/2018,13:48:49,139,30.261901,-97.837656,233.7
10/09/2018,13:50:04,137,30.261906,-97.837645,233.3
10/09/2018,13:50:20,142,30.261925,-97.837647,232.8
10/09/2018,13:50:26,151,30.262015,-97.837659,229.4
10/09/2018,13:50:32,155,30.26211,-97.837612,226
10/09/2018,13:50:35,155,30.26215,-97.837559,225.6
10/09/2018,13:50:40,154,30.262109,-97.837396,223.6
10/09/2018,13:50:51,152,30.262047,-97.836981,222.2
10/09/2018,13:51:01,147,30.262051,-97.836642,223.6
10/09/2018,13:51:03,144,30.262082,-97.836593,224.6
10/09/2018,13:51:13,144,30.262068,-97.836271,222.7
10/09/2018,13:51:20,138,30.262126,-97.836012,221.7
10/09/2018,13:51:22,134,30.26211,-97.83595,222.2
10/09/2018,13:51:28,132,30.262246,-97.83591,222.7
10/09/2018,13:51:35,155,30.262341,-97.835736,220.3
10/09/2018,13:51:51,153,30.262688,-97.835534,221.7
10/09/2018,13:51:53,155,30.262744,-97.83551,222.2
10/09/2018,13:51:58,152,30.262828,-97.835413,224.1
10/09/2018,13:52:14,145,30.262974,-97.834984,223.2
10/09/2018,13:52:24,140,30.263041,-97.83468,223.2
10/09/2018,13:52:29,142,30.263144,-97.834628,226
10/09/2018,13:52:50,139,30.263254,-97.834584,227
10/09/2018,13:53:02,137,30.263368,-97.834609,228.4
10/09/2018,13:53:18,142,30.263451,-97.834671,229.9
10/09/2018,13:53:33,151,30.263515,-97.834718,230.9
10/09/2018,13:53:39,155,30.263606,-97.834709,231.3
10/09/2018,13:53:47,155,30.26365,-97.834717,232.3
10/09/2018,13:53:55,154,30.263755,-97.834815,233.3
10/09/2018,13:54:04,152,30.263819,-97.834639,233.3
10/09/2018,13:54:10,147,30.263918,-97.834521,232.3
10/09/2018,13:54:14,144,30.264008,-97.834498,233.7
10/09/2018,13:54:22,144,30.264083,-97.834639,235.2
10/09/2018,13:54:25,138,30.264133,-97.834668,235.7
10/09/2018,13:54:30,134,30.264196,-97.834712,236.1
10/09/2018,13:54:45,132,30.264475,-97.834645,236.6
10/09/2018,13:54:55,155,30.26466,-97.834596,236.6
10/09/2018,13:55:02,153,30.264663,-97.834609,236.6
10/09/2018,13:55:07,155,30.264684,-97.834554,237.1
10/09/2018,13:55:23,152,30.264727,-97.834516,236.1
10/09/2018,13:56:24,145,30.264686,-97.834581,209.7
10/09/2018,13:56:25,140,30.264688,-97.834578,209.7
10/09/2018,13:56:29,142,30.264721,-97.83455,212.6
10/09/2018,13:56:33,139,30.264729,-97.83455,216.4
10/09/2018,13:56:35,137,30.264724,-97.834549,217.4
10/09/2018,13:56:37,142,30.264719,-97.834549,218.8
10/09/2018,13:56:41,151,30.264709,-97.834547,220.8
10/09/2018,13:56:52,155,30.264698,-97.834545,224.1
10/09/2018,13:56:54,155,30.264697,-97.834545,225.1
10/09/2018,13:57:05,154,30.264696,-97.834544,228.4
10/09/2018,13:57:15,152,30.264698,-97.834544,231.8
10/09/2018,13:57:30,147,30.264725,-97.834536,235.2
10/09/2018,13:57:33,144,30.264728,-97.834537,231.3
10/09/2018,13:57:34,144,30.264729,-97.834537,235.2
10/09/2018,13:57:44,138,30.264742,-97.834523,233.7
10/09/2018,13:57:50,134,30.264794,-97.834474,239
10/09/2018,13:58:42,132,30.264779,-97.834467,242.4
10/09/2018,13:58:51,119,30.264855,-97.834421,242.4
10/09/2018,13:58:55,121,30.264953,-97.834433,242.9
10/09/2018,13:59:06,133,30.265217,-97.834501,242.9
10/09/2018,13:59:11,134,30.265284,-97.834627,242.4
10/09/2018,13:59:31,139,30.265579,-97.83509,242.4
10/09/2018,13:59:46,140,30.265885,-97.835419,242.9
10/09/2018,13:59:59,140,30.266249,-97.835552,242.9
10/09/2018,14:00:04,142,30.266383,-97.835513,239.5
10/09/2018,14:00:05,141,30.266411,-97.835501,239.5
10/09/2018,14:00:11,141,30.266563,-97.83541,237.1
10/09/2018,14:00:14,145,30.266632,-97.835361,233.7
10/09/2018,14:00:15,148,30.266658,-97.835343,233.7
10/09/2018,14:00:27,143,30.266915,-97.835399,229.9
10/09/2018,14:00:28,142,30.266928,-97.835419,229.4
10/09/2018,14:00:30,139,30.266918,-97.835472,228
10/09/2018,14:00:37,136,30.26684,-97.835571,228.4
10/09/2018,14:01:08,142,30.266789,-97.835676,227.5
10/09/2018,14:01:09,148,30.26679,-97.835685,227
10/09/2018,14:01:15,151,30.266797,-97.835745,228.9
10/09/2018,14:01:39,152,30.26686,-97.835791,230.4
10/09/2018,14:02:09,154,30.266908,-97.835792,230.9
10/09/2018,14:02:23,150,30.266966,-97.835818,232.3
10/09/2018,14:02:39,149,30.267019,-97.835846,234.2
10/09/2018,14:02:51,146,30.267058,-97.835893,236.6
10/09/2018,14:03:04,150,30.267132,-97.835938,238.1
10/09/2018,14:03:11,155,30.267175,-97.83594,238.5
10/09/2018,14:03:25,137,30.267317,-97.835997,239
10/09/2018,14:03:35,136,30.26725,-97.836024,240.9
10/09/2018,14:03:49,137,30.267176,-97.836111,242.9
10/09/2018,14:03:50,138,30.267178,-97.836119,242.4
10/09/2018,14:04:06,135,30.267242,-97.836159,242.9
10/09/2018,14:04:25,137,30.267443,-97.836367,244.3
10/09/2018,14:04:38,135,30.267456,-97.83652,245.8
10/09/2018,14:04:48,135,30.267486,-97.836575,246.2
10/09/2018,14:04:57,138,30.267518,-97.8367,246.2
10/09/2018,14:05:05,137,30.267564,-97.836859,246.7
10/09/2018,14:05:11,136,30.267479,-97.83696,247.2
10/09/2018,14:05:20,133,30.26755,-97.837144,246.7
10/09/2018,14:05:33,131,30.267597,-97.837196,246.7
10/09/2018,14:06:11,132,30.267627,-97.837251,246.7
10/09/2018,14:06:28,133,30.26762,-97.837262,246.7
10/09/2018,14:06:43,138,30.26761,-97.837238,247.2
10/09/2018,14:06:54,137,30.267614,-97.837239,247.2
10/09/2018,14:07:03,134,30.267729,-97.837149,245.3
10/09/2018,14:07:15,135,30.267828,-97.83701,242.9
10/09/2018,14:07:59,135,30.267868,-97.836962,242.9
10/09/2018,14:08:39,135,30.267924,-97.836775,241.4
10/09/2018,14:08:40,138,30.267934,-97.83675,240.9
10/09/2018,14:08:48,139,30.268053,-97.836549,240
10/09/2018,14:08:52,142,30.268141,-97.836595,239.5
10/09/2018,14:08:57,140,30.268247,-97.836693,237.6
10/09/2018,14:09:04,142,30.26841,-97.836805,236.1
10/09/2018,14:09:12,137,30.26855,-97.836864,233.7
10/09/2018,14:09:15,139,30.26857,-97.836959,231.8
10/09/2018,14:09:23,142,30.268777,-97.836916,229.4
10/09/2018,14:09:32,140,30.268924,-97.836885,228
10/09/2018,14:09:48,142,30.268698,-97.837085,227.5
10/09/2018,14:09:50,137,30.268664,-97.837111,227
10/09/2018,14:09:53,137,30.268633,-97.837152,228
10/09/2018,14:09:55,137,30.268631,-97.837182,228.4
10/09/2018,14:10:11,138,30.268695,-97.837563,228.9
10/09/2018,14:10:24,141,30.268524,-97.837988,229.4
10/09/2018,14:10:25,136,30.268515,-97.838019,229.4
10/09/2018,14:10:37,136,30.268656,-97.838363,227.5
10/09/2018,14:10:43,137,30.268689,-97.838501,225.6
10/09/2018,14:10:45,140,30.268701,-97.838558,224.1
10/09/2018,14:10:47,140,30.268748,-97.838595,223.2
10/09/2018,14:10:54,139,30.268693,-97.838786,222.7
10/09/2018,14:10:58,142,30.268699,-97.838866,223.6
10/09/2018,14:11:00,140,30.268704,-97.838911,224.1
10/09/2018,14:11:17,140,30.268884,-97.839403,223.2
10/09/2018,14:11:30,141,30.268863,-97.839758,223.6
10/09/2018,14:11:39,141,30.268819,-97.84003,222.2
10/09/2018,14:11:42,138,30.268801,-97.840142,222.2
10/09/2018,14:11:45,139,30.268814,-97.840248,220.3
10/09/2018,14:11:48,138,30.268851,-97.840343,218.4
10/09/2018,14:11:49,141,30.268858,-97.840366,218.4
10/09/2018,14:11:56,141,30.268941,-97.840501,216
10/09/2018,14:11:57,135,30.268941,-97.840515,216
10/09/2018,14:12:03,138,30.268873,-97.840596,216.4
10/09/2018,14:12:18,134,30.268768,-97.840728,218.8
10/09/2018,14:21:35,137,30.268663,-97.840812,218.8
10/09/2018,14:21:56,138,30.268972,-97.840739,220.8
10/09/2018,14:22:06,139,30.269199,-97.840615,218.4
10/09/2018,14:22:21,137,30.269667,-97.8403,215
10/09/2018,14:22:38,135,30.270014,-97.839985,215
10/09/2018,14:22:51,134,30.270105,-97.839765,216.4
10/09/2018,14:23:07,139,30.270148,-97.839702,216.9
10/09/2018,14:23:24,142,30.27021,-97.83968,217.9
10/09/2018,14:23:40,140,30.270301,-97.839624,219.3
10/09/2018,14:23:55,142,30.270369,-97.839569,219.8
10/09/2018,14:24:08,137,30.270433,-97.839484,221.2
10/09/2018,14:24:25,137,30.270565,-97.83939,222.2
10/09/2018,14:24:46,137,30.270874,-97.839222,223.6
10/09/2018,14:24:47,138,30.270886,-97.839215,223.6
10/09/2018,14:24:51,141,30.270924,-97.839207,224.1
10/09/2018,14:25:09,136,30.271094,-97.8389,223.6
10/09/2018,14:25:13,136,30.271153,-97.838843,224.1
10/09/2018,14:25:29,137,30.271418,-97.83874,225.1
10/09/2018,14:25:43,140,30.271558,-97.838663,225.1
10/09/2018,14:26:33,140,30.271578,-97.838646,224.6
10/09/2018,14:26:37,139,30.271648,-97.838625,224.6
10/09/2018,14:26:53,142,30.272055,-97.83862,224.6
10/09/2018,14:27:05,140,30.272439,-97.838482,222.2
10/09/2018,14:27:10,140,30.272633,-97.838291,221.7
10/09/2018,14:27:19,141,30.272871,-97.83795,219.3
10/09/2018,14:27:32,141,30.273088,-97.837436,216.4
10/09/2018,14:27:39,138,30.273274,-97.83723,213.6
10/09/2018,14:27:43,139,30.273329,-97.837082,209.7
10/09/2018,14:27:45,138,30.273355,-97.837,208.7
10/09/2018,14:27:48,141,30.273397,-97.836865,205.9
10/09/2018,14:27:51,141,30.273409,-97.836724,204.9
10/09/2018,14:27:54,135,30.273377,-97.836553,203
10/09/2018,14:27:57,138,30.273392,-97.836389,202
10/09/2018,14:28:03,134,30.273432,-97.836078,196.7
10/09/2018,14:28:05,137,30.273439,-97.83597,193.4
10/09/2018,14:28:07,138,30.273439,-97.835858,190
10/09/2018,14:28:10,139,30.273446,-97.835669,187.1
10/09/2018,14:28:18,137,30.273424,-97.835414,188.6
10/09/2018,14:30:06,135,30.273319,-97.835322,189.5
10/09/2018,14:30:19,134,30.273433,-97.835302,188.6
10/09/2018,14:30:37,137,30.273435,-97.835292,188.1
10/09/2018,14:33:28,140,30.273525,-97.835273,184.2
10/09/2018,14:33:29,140,30.273525,-97.835273,190.5
10/09/2018,14:33:46,139,30.273579,-97.835254,188.1
10/09/2018,14:34:06,142,30.273603,-97.835215,188.1
10/09/2018,14:34:33,140,30.273602,-97.835198,187.6
10/09/2018,14:34:48,140,30.273497,-97.835237,188.1
10/09/2018,14:35:13,141,30.273475,-97.835242,187.1
10/09/2018,14:38:58,141,30.273485,-97.835291,186.6
10/09/2018,14:42:23,138,30.27349,-97.835266,186.2
10/09/2018,14:42:31,139,30.273651,-97.835151,184.7
10/09/2018,14:42:38,138,30.273864,-97.835269,183.7
10/09/2018,14:42:50,141,30.273943,-97.835545,185.2
10/09/2018,14:43:38,141,30.273892,-97.835456,184.2
10/09/2018,14:43:45,135,30.273903,-97.835419,184.7
10/09/2018,14:43:49,138,30.273912,-97.835358,184.2
10/09/2018,14:44:00,134,30.273927,-97.835365,184.7
10/09/2018,14:44:15,137,30.273916,-97.835794,184.2
10/09/2018,14:44:34,138,30.274109,-97.836454,183.3
10/09/2018,14:44:51,139,30.274267,-97.83722,184.2
10/09/2018,14:44:55,137,30.274298,-97.837412,183.7
10/09/2018,14:45:00,135,30.274495,-97.837489,181.3
10/09/2018,14:45:04,134,30.274669,-97.837618,181.3
10/09/2018,14:45:16,133,30.274643,-97.838273,182.3
10/09/2018,14:45:21,139,30.274609,-97.838543,181.3
10/09/2018,14:45:23,136,30.274603,-97.838654,181.3
10/09/2018,14:45:28,136,30.274545,-97.838916,182.3
10/09/2018,14:45:32,138,30.274547,-97.839114,180.9
10/09/2018,14:45:36,139,30.274548,-97.839338,181.3
10/09/2018,14:45:38,138,30.274541,-97.839456,180.9
10/09/2018,14:45:44,141,30.274403,-97.839752,180.9
10/09/2018,14:45:46,141,30.274366,-97.839844,180.9
10/09/2018,14:45:51,135,30.274361,-97.840043,180.9
10/09/2018,14:45:57,140,30.274255,-97.840227,180.9
10/09/2018,14:46:02,140,30.274241,-97.840317,181.8
10/09/2018,14:46:07,139,30.274168,-97.840396,179.9
10/09/2018,14:46:17,142,30.274102,-97.840701,180.4
10/09/2018,14:46:30,140,30.273882,-97.841195,178.5
10/09/2018,14:46:45,140,30.273598,-97.841814,179.4
10/09/2018,14:47:00,141,30.273419,-97.842151,180.9
10/09/2018,14:47:12,141,30.273382,-97.842198,181.3
10/09/2018,14:47:26,138,30.273365,-97.842209,182.3
10/09/2018,14:47:45,139,30.273328,-97.842299,182.8
10/09/2018,14:48:03,138,30.273284,-97.842457,182.3
10/09/2018,14:48:17,141,30.273275,-97.842522,180.9
10/09/2018,14:48:22,141,30.273274,-97.842524,181.3
10/09/2018,14:48:44,135,30.273187,-97.842615,182.8
10/09/2018,14:49:00,138,30.273146,-97.842648,185.2
10/09/2018,14:49:15,134,30.273113,-97.842724,185.7
10/09/2018,14:49:37,137,30.273097,-97.842757,185.7
10/09/2018,14:49:54,138,30.273096,-97.842778,185.2
10/09/2018,14:50:52,139,30.273077,-97.842851,184.2
10/09/2018,14:51:06,137,30.273076,-97.842897,182.8
10/09/2018,14:51:22,135,30.273074,-97.842944,181.3
10/09/2018,14:51:32,134,30.273049,-97.843003,181.8
10/09/2018,14:51:44,133,30.273023,-97.843094,179.9
10/09/2018,14:51:57,139,30.272994,-97.843162,181.3
10/09/2018,14:52:20,136,30.272979,-97.843206,180.9
10/09/2018,14:52:35,136,30.272964,-97.843332,180.9
10/09/2018,14:52:51,138,30.272955,-97.843375,180.9
10/09/2018,14:53:24,139,30.272969,-97.843499,180.4
10/09/2018,14:53:38,138,30.272964,-97.843534,181.8
10/09/2018,14:53:55,141,30.272995,-97.843568,181.8
10/09/2018,14:54:12,141,30.273052,-97.843732,181.3
10/09/2018,14:54:23,135,30.273096,-97.843822,181.8
10/09/2018,14:54:37,134,30.273142,-97.843896,181.8
10/09/2018,14:54:57,137,30.2732,-97.843984,182.8
10/09/2018,14:55:11,138,30.273216,-97.844073,183.7
10/09/2018,14:55:30,139,30.27336,-97.844423,186.2
10/09/2018,14:55:41,137,30.273413,-97.844587,185.2
10/09/2018,14:55:47,135,30.273465,-97.84467,183.7
10/09/2018,14:55:51,134,30.273473,-97.844729,181.3
10/09/2018,14:56:06,133,30.273414,-97.844844,183.7
10/09/2018,14:56:20,139,30.273414,-97.844987,185.2
10/09/2018,14:56:31,136,30.273419,-97.845007,185.2
10/09/2018,14:57:33,136,30.27341,-97.845028,185.7
10/09/2018,14:57:41,138,30.273438,-97.84506,186.2
10/09/2018,14:57:49,136,30.273422,-97.845179,185.7
10/09/2018,14:58:02,135,30.273481,-97.845197,186.6
10/09/2018,14:58:05,138,30.27349,-97.845194,187.1
